Employee Name,01-09-2026,02-09-2026,03-09-2026,04-09-2026,05-09-2026,06-09-2026,07-09-2026,08-09-2026,09-09-2026,10-09-2026,11-09-2026,12-09-2026,13-09-2026,14-09-2026,15-09-2026,16-09-2026,17-09-2026,18-09-2026,19-09-2026,20-09-2026,21-09-2026,22-09-2026,23-09-2026,24-09-2026,25-09-2026,26-09-2026,27-09-2026,28-09-2026,29-09-2026,30-09-2026,01-10-2026,,,,,,,,,
Lalit,C,OFF,OFF,A,A,B,B,C,C,OFF,OFF,A,A,B,B,,,,,,,,,,,,,,,,,,,, ,,,,,
Akib,C,OFF,OFF,A,A,A,B,C,C,OFF,OFF,A,A,B,B,C,C,OFF,OFF,A,A,B,B,L,L,OFF,OFF,A,A,B,B,, ,, ,,,,,
Achuit,OFF,A,A,B,T,C,C,OFF,OFF,A,A,B,B,C,C,OFF,OFF,A,A,B,B,C,C,OFF,OFF,A,A,B,B,C,C, ,,,,,, ,,
Pranjal,OFF,A,A,B,B,C,C,OFF,OFF,A,A,B,B,C,C,OFF,OFF,A,T,B,B,C,C,OFF,OFF,A,A,B,B,C,C,, ,,, , ,,,
Bidyut,A,B,B,C,C,OFF,OFF,A,A,B,B,C,C,OFF,OFF,A,L,B,B,C,C,OFF,OFF,A,A,B,B,C,C,OFF,OFF,,,, , ,,,,
Diganta,A,B,B,C,C,OFF,OFF,A,A,B,B,C,C,OFF,OFF,A,A,B,B,C,C,OFF,OFF,A,A,B,B,C,C,OFF,OFF,, , , , ,,,,
Shashadhar,B,C,C,OFF,T,OFF,A,B,B,C,C,OFF,OFF,A,A,B,B,C,C,OFF,OFF,A,A,B,B,C,C,OFF,OFF,A,A,, , ,, ,, ,, 
,,,,,,,,,,,,,,,,,,,,,,,,,,,,,,,,,,,,,,,,
,,,,,,,,, ,,,,,,,,,,,,,,,,,,,,,,,,,,,,,,,
