Employee Name,01-03-2026,02-03-2026,03-03-2026,04-03-2026,05-03-2026,06-03-2026,07-03-2026,08-03-2026,09-03-2026,10-03-2026,11-03-2026,12-03-2026,13-03-2026,14-03-2026,15-03-2026,16-03-2026,17-03-2026,18-03-2026,19-03-2026,20-03-2026,21-03-2026,22-03-2026,23-03-2026,24-03-2026,25-03-2026,26-03-2026,27-03-2026,28-03-2026,29-03-2026,30-03-2026,31-03-2026
Satadru Ghose,A,B,C,B,C,OFF,OFF,A,A,B,B,C,C,OFF,OFF,A,C,B,B,B,C,OFF,OFF,AB,C,C,B,C,C,OFF,OFF
Devendra Swaroop,OFF,OFF,L,L,L,L,L,L,L,OFF,OFF,C,B,A,A,B,B,C,OFF,OFF,A,B,B,C,C,B,B,OFF,OFF,B,B
Arun Kumar,A,B,B,BC,B,C,OFF,B,A,A,OFF,OFF,L,L,L,L,L,L,L,L,L,L,L,L,L,L,OFF,OFF,B,B,B
Jitu Das,L,L,OFF,L,C,C,A,A,OFF,B,C,T,C,OFF,C,C,B,B,BC,C,A,T,OFF,OFF,L,L,L,L,L,T,OFF
Shashank RB,,L,L,L,L,L,L,L,L,L,L,,,,,,,,,,,,,,,,,,,,
Santanu Biswas,OFF,B,B,B,B,C,B,OFF,OFF,A,A,B,B,C,C,OFF,OFF,AB,A,G,B,C,C,OFF,OFF,B,A,A,B,C,C
Vijay Kumar Koratiya,OFF,A,A,C,C,B,B,B,OFF,OFF,A,B,A,C,C,OFF,OFF,A,A,B,B,C,C,OFF,OFF,A,A,B,B,C,C
Nihal Gupta,OFF,A,A,C,A,L,OFF,OFF,C,B,B,C,C,A,A,B,OFF,OFF,B,BC,C,A,OFF,OFF,A,AB,B,B,C,C,OFF
Arshad Ayub,C,C,OFF,A,A,A,C,C,C,OFF,OFF,A,L,B,A,C,C,A,OFF,OFF,L,C,B,C,A,OFF,OFF,A,A,B,A
Sandip Kumar Barman,C,OFF,OFF,A,A,B,B,C,C,C,OFF,OFF,L,L,L,L,L,OFF,OFF,C,C,B,A,B,B,OFF,OFF,B,A,B,B
Palash Das,C,OFF,OFF,A,B,A,C,C,OFF,OFF,B,B,B,BC,B,C,C,OFF,OFF,A,A,B,B,C,C,OFF,OFF,A,A,AB,B
Hridayankan Barman,,,,,,,,,,,,,,,,,,,,,,,,,,,,,,,
Debajit Das,B,G,B,OFF,OFF,L,L,L,B,C,OFF,A,OFF,B,B,B,A,C,C,OFF,B,OFF,A,T,T,T,C,C,OFF,B,OFF
Arka Dutta,B,C,C,OFF,OFF,L,A,A,B,C,C,OFF,OFF,L,L,L,L,L,L,OFF,OFF,L,C,A,B,C,C,OFF,OFF,A,G
Kamal Hira Das,AB,C,C,OFF,OFF,A,C,B,B,A,C,OFF,OFF,A,B,A,AB,C,C,OFF,OFF,A,A,B,B,C,C,C,OFF,OFF,A
Pritam Thakuria,OFF,B,B,B,OFF,A,A,B,B,C,C,OFF,T,OFF,A,A,A,A,A,OFF,OFF,A,T,T,A,A,A,OFF,OFF,A,A
Sampreeti Gogoi,OFF,G,G,OFF,G,G,G,OFF,G,G,A,G,A,OFF,OFF,L,L,L,G,A,OFF,OFF,G,A,G,G,G,OFF,OFF,G,G
Abhigyan Gogoi,OFF,A,A,OFF,G,B,A,OFF,G,G,A,A,A,OFF,OFF,L,L,G,G,A,OFF,OFF,G,G,L,L,G,OFF,OFF,G,G
Saiprasad Sahoo,G,G,G,G,G,G,G,OFF,L,L,L,L,L,OFF,OFF,L,L,L,L,L,OFF,OFF,L,G,G,G,G,OFF,OFF,G,G
Manoj Kumar Haloi,G,G,G,G,G,G,G,OFF,G,G,G,G,G,OFF,OFF,G,G,G,G,G,OFF,OFF,G,G,G,G,G,OFF,OFF,G,G
