Employee Name,1/1/2026,1/2/2026,1/3/2026,1/4/2026,1/5/2026,1/6/2026,1/7/2026,1/8/2026,1/9/2026,1/10/2026,1/11/2026,1/12/2026,1/13/2026,1/14/2026,1/15/2026,1/16/2026,1/17/2026,1/18/2026,1/19/2026,1/20/2026,1/21/2026,1/22/2026,1/23/2026,1/24/2026,1/25/2026,1/26/2026,1/27/2026,1/28/2026,1/29/2026,1/30/2026,1/31/2026
Lalit Borah,A,B,C,A,OFF,OFF,A,A,A,A,C,A,OFF,OFF,L,L,L,L,L,L,OFF,OFF,A,A,B,A,C,C,OFF,OFF,A
Akib Zaman,A,A,L,C,OFF,OFF,C,A,B,B,C,OFF,OFF,C,B,B,B,B,C,A,OFF,OFF,A,A,B,B,C,C,OFF,OFF,A
Diganta Kalita,OFF,OFF,A,A,B,C,A,C,OFF,OFF,A,A,B,L,L,L,OFF,OFF,B,C,B,B,B,C,OFF,OFF,L,B,B,B,C
Achuit Ranjan Chetia,C,C,OFF,OFF,A,B,B,B,C,C,OFF,OFF,A,A,B,L,C,C,OFF,OFF,A,L,L,L,C,C,OFF,OFF,C,C,L
Pranjal Bhattacharyya,C,C,OFF,OFF,A,A,B,B,C,C,OFF,OFF,B,B,A,A,C,C,OFF,OFF,A,A,B,B,C,C,OFF,OFF,A,A,B
Bidyut Kalita,OFF,OFF,A,C,B,B,C,C,OFF,OFF,A,C,L,L,C,C,OFF,OFF,A,A,B,B,C,C,OFF,OFF,A,A,B,A,C
Shashadhar Kumar,L,B,B,B,C,A,OFF,OFF,L,B,B,B,C,C,OFF,OFF,A,A,B,B,C,C,OFF,OFF,A,B,B,B,C,C,OFF
Op-Dipak DMBI,A,L,G,OFF,G,G,G,G,G,G,OFF,G,G,B,A,G,G,OFF,G,G,G,G,G,G,OFF,L,G,G,G,G,G
Op-Nabin DMBI,L,C,C,OFF,B,B,A,A,C,C,OFF,B,B,A,L,C,C,OFF,B,B,A,A,C,C,OFF,B,B,A,A,C,C
Op-Ankur DMBI,A,A,C,C,OFF,B,B,A,A,C,C,OFF,L,B,L,A,C,C,OFF,B,B,A,A,C,C,OFF,B,B,A,A,C
Op-Gurudeep DMBI,B,A,A,C,C,OFF,B,B,A,A,C,C,OFF,L,B,A,A,C,C,OFF,B,B,A,A,C,L,OFF,B,B,A,A
Op-Anup DMBI,B,B,A,L,C,C,OFF,B,B,A,A,C,C,OFF,A,B,A,A,C,C,OFF,B,B,A,A,C,C,OFF,C,B,A
Op-Utpal DMBI,OFF,B,B,A,A,C,C,OFF,B,B,A,A,C,C,OFF,C,B,A,A,C,C,OFF,B,B,A,A,C,C,OFF,B,B
Op-Nayan DMBI,L,OFF,B,B,A,A,C,C,OFF,B,B,A,A,L,C,OFF,B,B,A,A,C,C,OFF,B,B,A,A,L,L,OFF,B
Op-Sampad DMBI,C,C,OFF,B,B,A,A,C,C,OFF,B,B,A,A,C,C,OFF,B,B,A,A,C,C,OFF,B,B,A,A,C,C,OFF
